<?xml version="1.0" encoding="utf-8"?>
<SmallBasicExtensionList xmlns:xsi="http://www.w3.org/2001/XMLSchema-instance" xmlns:xsd="http://www.w3.org/2001/XMLSchema">
  <Version>1</Version>
  <numExtension>4</numExtension>
  <Extensions>
    <Extension>
      <Name>LitDev</Name>
      <Description>General Purpose Extension</Description>
      <WebSite>http://litdev.co.uk/</WebSite>
      <API>http://litdev.co.uk/LitDev.html</API>
      <ChangeLog>http://litdev.co.uk/ChangeLog.html</ChangeLog>
      <SBVersion>1.2.0.0</SBVersion>
      <ExtVersion>1.2.0.1</ExtVersion>
      <ZipLocation>http://litdev.co.uk/downloads/LitDev_v1.2.zip</ZipLocation>
      <dllFiles>
        <numFile>1</numFile>
        <Files>
          <File>LitDev.dll</File>
        </Files>
      </dllFiles>
      <xmlFiles>
        <numFile>2</numFile>
        <Files>
          <File>LitDev.xml</File>
        </Files>
        <Files>
          <File>LitDev.De.xml</File>
        </Files>
      </xmlFiles>
      <docFiles>
        <numFile>0</numFile>
      </docFiles>
      <sampleFiles>
        <numFile>0</numFile>
      </sampleFiles>
    </Extension>
  </Extensions>
  <Extensions>
    <Extension>
      <Name>LitDev</Name>
      <Description>General Purpose Extension</Description>
      <WebSite>http://litdev.co.uk/</WebSite>
      <API />
      <ChangeLog />
      <SBVersion>1.1.0.0</SBVersion>
      <ExtVersion>1.1.0.8</ExtVersion>
      <ZipLocation>http://litdev.co.uk/downloads/LitDev_v1.1.zip</ZipLocation>
      <dllFiles>
        <numFile>1</numFile>
        <Files>
          <File>LitDev.dll</File>
        </Files>
      </dllFiles>
      <xmlFiles>
        <numFile>2</numFile>
        <Files>
          <File>LitDev.xml</File>
        </Files>
        <Files>
          <File>LitDev.De.xml</File>
        </Files>
      </xmlFiles>
      <docFiles>
        <numFile>0</numFile>
      </docFiles>
      <sampleFiles>
        <numFile>0</numFile>
      </sampleFiles>
    </Extension>
  </Extensions>
  <Extensions>
    <Extension>
      <Name>LitDev</Name>
      <Description>General Purpose Extension</Description>
      <WebSite>http://litdev.co.uk/</WebSite>
      <API />
      <ChangeLog />
      <SBVersion>1.0.0.0</SBVersion>
      <ExtVersion>1.0.0.133</ExtVersion>
      <ZipLocation>http://litdev.co.uk/downloads/LitDev_v1.0.zip</ZipLocation>
      <dllFiles>
        <numFile>1</numFile>
        <Files>
          <File>LitDev.dll</File>
        </Files>
      </dllFiles>
      <xmlFiles>
        <numFile>2</numFile>
        <Files>
          <File>LitDev.xml</File>
        </Files>
        <Files>
          <File>LitDev.De.xml</File>
        </Files>
      </xmlFiles>
      <docFiles>
        <numFile>0</numFile>
      </docFiles>
      <sampleFiles>
        <numFile>0</numFile>
      </sampleFiles>
    </Extension>
  </Extensions>
  <Extensions>
    <Extension>
      <Name>LitDev3D</Name>
      <Description>Depreciated 3D Extension using irrlicht engine</Description>
      <WebSite>http://litdev.co.uk/</WebSite>
      <SBVersion>1.0.0.0</SBVersion>
      <ExtVersion>1.0.0.0</ExtVersion>
      <ZipLocation>http://litdev.co.uk/downloads/LitDev3D_64bit.zip</ZipLocation>
      <dllFiles>
        <numFile>2</numFile>
        <Files>
          <File>LitDev3D.dll</File>
        </Files>
        <Files>
          <File>LitDev3DEngine.dll</File>
        </Files>
      </dllFiles>
      <xmlFiles>
        <numFile>2</numFile>
        <Files>
          <File>LitDev3D.xml</File>
        </Files>
        <Files>
          <File>LitDev3D.De.xml</File>
        </Files>
      </xmlFiles>
      <docFiles>
        <numFile>0</numFile>
      </docFiles>
      <sampleFiles>
        <numFile>0</numFile>
      </sampleFiles>
    </Extension>
  </Extensions>
</SmallBasicExtensionList>